head_id,score,head_label
13826,-18.602426528930664,Sulfasalazine
13889,-18.843971252441406,Prednisolone
13198,-18.89304542541504,Calcitriol
13670,-18.908836364746094,Prednisone
13447,-18.920061111450195,Sorafenib
13175,-19.03079605102539,Cyclosporine
14245,-19.05150604248047,Dexamethasone
13805,-19.13068199157715,Etoposide
14662,-19.137554168701172,Dabrafenib
13600,-19.251726150512695,Methotrexate
13712,-19.316131591796875,Losartan
13655,-19.479862213134766,Triamcinolone
13489,-19.601499557495117,Betamethasone
13774,-19.603029251098633,Hydrocortisone
13377,-19.628896713256836,Floxuridine
13299,-19.738101959228516,Cladribine
14265,-19.768070220947266,Dasatinib
14011,-19.769296646118164,Rivastigmine
14602,-19.806150436401367,Raltegravir
13837,-19.80712890625,Pentoxifylline
13301,-19.81707763671875,Mesalazine
14407,-19.83171844482422,Everolimus
13880,-19.844409942626953,Dacarbazine
14114,-19.90519142150879,Leflunomide
13983,-19.917638778686523,Methylprednisolone
13291,-19.922687530517578,Aminosalicylic acid
13214,-19.93410873413086,Ergocalciferol
14478,-19.938026428222656,Nilotinib
13607,-19.962413787841797,Vinblastine
13333,-19.984180450439453,Theophylline
13504,-19.990955352783203,Acitretin
13619,-19.993436813354492,Enalapril
14448,-20.00428009033203,Vorinostat
14664,-20.017112731933594,Afatinib
13906,-20.038482666015625,Sirolimus
13905,-20.048038482666016,Eprosartan
14304,-20.064355850219727,Cefoxitin
14209,-20.064382553100586,Captopril
13271,-20.07070541381836,Pantoprazole
13581,-20.096094131469727,Fluorouracil
13659,-20.10837173461914,Testosterone
13623,-20.109119415283203,Fluticasone propionate
14249,-20.145751953125,Aripiprazole
13706,-20.146442413330078,Chlorpropamide
14261,-20.147117614746094,Olsalazine
14458,-20.156410217285156,Thiotepa
14661,-20.16361427307129,Trametinib
13372,-20.167877197265625,Gefitinib
13901,-20.17428207397461,Conivaptan
13665,-20.19668197631836,Alendronic acid
14216,-20.199508666992188,Mitoxantrone
13347,-20.20062828063965,Chlorambucil
13748,-20.20459747314453,Paroxetine
14459,-20.212234497070312,Estriol
14547,-20.225378036499023,Bosutinib
13736,-20.227922439575195,Methazolamide
13235,-20.241098403930664,Fluvoxamine
14046,-20.25125503540039,Mycophenolic acid
14071,-20.251720428466797,Benzylpenicillin
13842,-20.255788803100586,Ribavirin
13916,-20.259658813476562,Mechlorethamine
13491,-20.262779235839844,Epirubicin
13509,-20.265689849853516,Ketorolac
13243,-20.274574279785156,[3H]nicotine
14443,-20.281078338623047,Etoricoxib
13995,-20.28702735900879,Ezetimibe
13864,-20.290054321289062,Cefaclor
13361,-20.297229766845703,Mitomycin
14017,-20.302892684936523,Auranofin
13714,-20.307376861572266,Moricizine
13708,-20.313945770263672,Galantamine
13722,-20.319530487060547,Mycophenolate mofetil
13236,-20.32000732421875,Valsartan
13709,-20.342472076416016,Tamoxifen
14050,-20.35186004638672,Irbesartan
14062,-20.352140426635742,Memantine
13392,-20.35934066772461,Omeprazole
14179,-20.367916107177734,Cilostazol
14235,-20.38232421875,Aminophylline
13544,-20.384754180908203,Cimetidine
13425,-20.388877868652344,Treprostinil
13244,-20.391530990600586,Cevimeline
13890,-20.398799896240234,Diflunisal
14259,-20.401817321777344,Docetaxel
14229,-20.40215301513672,Anastrozole
13524,-20.416305541992188,Raloxifene
14045,-20.416669845581055,Felodipine
13795,-20.421836853027344,Irinotecan
13555,-20.429332733154297,Cisplatin
14100,-20.430997848510742,Orlistat
13424,-20.44487762451172,Timolol
14019,-20.46994400024414,Doxorubicin
13829,-20.477848052978516,Gentamicin
13971,-20.479354858398438,Fulvestrant
13479,-20.481964111328125,Trifluridine
13307,-20.486793518066406,Dapsone
13815,-20.490222930908203,Estradiol
13346,-20.49275016784668,Bleomycin
13558,-20.49932861328125,Albendazole
14447,-20.500301361083984,Calcipotriol
13589,-20.506072998046875,Pentostatin
13591,-20.515106201171875,Piroxicam
14092,-20.518634796142578,Perhexiline
14195,-20.52022933959961,Propafenone
13383,-20.520551681518555,Indomethacin
13375,-20.520915985107422,Dihydroergotamine
13584,-20.523414611816406,Desoximetasone
13519,-20.540042877197266,Duloxetine
13263,-20.54513931274414,Pyrimethamine
13366,-20.554271697998047,Chlorthalidone
13523,-20.557966232299805,Lenalidomide
13666,-20.558513641357422,Clofarabine
14036,-20.562965393066406,Balsalazide
14170,-20.565261840820312,Bupropion
13445,-20.565820693969727,Progesterone
14362,-20.57952880859375,Testosterone propionate
13525,-20.586061477661133,Celecoxib
13601,-20.590309143066406,Carbamazepine
13841,-20.61040496826172,Biperiden
14643,-20.61617088317871,Ruxolitinib
13608,-20.61924934387207,Propranolol
13356,-20.619430541992188,Tenofovir disoproxil
14051,-20.624723434448242,Topotecan
14234,-20.627700805664062,Budesonide
14505,-20.62857437133789,Vandetanib
13412,-20.631858825683594,Sulfadiazine
13396,-20.635435104370117,Diltiazem
14053,-20.64083480834961,Probenecid
14360,-20.64818000793457,Acenocoumarol
13825,-20.661605834960938,Primidone
14255,-20.663860321044922,Bepridil
14040,-20.66695213317871,Guanfacine
14342,-20.668811798095703,Digitoxin
13626,-20.679851531982422,Fluocinolone acetonide
14271,-20.68170738220215,Decitabine
13281,-20.684181213378906,Diflorasone
13590,-20.685861587524414,Methoxsalen
13432,-20.69109535217285,Amlodipine
13911,-20.691631317138672,Clomifene
13893,-20.694732666015625,Tacrolimus
13576,-20.69540023803711,Toremifene
13325,-20.6993465423584,Ropinirole
14136,-20.702653884887695,Gliclazide
13769,-20.702760696411133,Esomeprazole
13660,-20.70484161376953,Efavirenz
13253,-20.70636558532715,Vidarabine
13791,-20.707849502563477,Clopidogrel
14630,-20.7128849029541,Vismodegib
13721,-20.715953826904297,Fludrocortisone
13261,-20.731609344482422,Sildenafil
14126,-20.736387252807617,Miconazole
13962,-20.743301391601562,Salmeterol
13830,-20.745899200439453,Tazarotene
14023,-20.74700927734375,Salbutamol
13254,-20.759639739990234,Betaxolol
13309,-20.76392936706543,Phenytoin
13534,-20.76515769958496,Miglitol
14067,-20.765594482421875,Abacavir
13701,-20.770679473876953,DB00667
14095,-20.771800994873047,Etidronic acid
13331,-20.77334976196289,Olmesartan
13506,-20.777835845947266,Nabumetone
13252,-20.779632568359375,Tramadol
13537,-20.780305862426758,Entacapone
14009,-20.782806396484375,Cytarabine
14021,-20.784812927246094,Hydrochlorothiazide
14591,-20.788829803466797,Chenodeoxycholic acid
14131,-20.789470672607422,Nifedipine
13742,-20.789493560791016,Lamivudine
13351,-20.790321350097656,Morphine
13982,-20.79281234741211,Carboplatin
13579,-20.79618263244629,Benazepril
13528,-20.796672821044922,Dicloxacillin
13967,-20.8079776763916,Zalcitabine
14224,-20.811504364013672,Ceftriaxone
14651,-20.81378173828125,Regorafenib
13468,-20.814754486083984,Spironolactone
13290,-20.8165283203125,Methyclothiazide
13569,-20.81716537475586,Erlotinib
13882,-20.82535743713379,Temozolomide
13586,-20.828588485717773,Zafirlukast
14091,-20.829381942749023,Fludarabine
13810,-20.82999610900879,Roxithromycin
13654,-20.831703186035156,Imatinib
13490,-20.843225479125977,Teniposide
14645,-20.844501495361328,Linagliptin
14303,-20.845325469970703,Cefotetan
14054,-20.845531463623047,Mercaptopurine
13421,-20.848209381103516,Cidofovir
13984,-20.849102020263672,Pindolol
14589,-20.851442337036133,Cabazitaxel
13865,-20.854164123535156,Mifepristone
13487,-20.858104705810547,Gemcitabine
14015,-20.858116149902344,Azathioprine
13927,-20.859540939331055,Didanosine
14059,-20.863643646240234,Fenofibrate
13992,-20.86383056640625,Alosetron
13755,-20.86597442626953,Lisinopril
14542,-20.86655616760254,Pazopanib
13695,-20.87204360961914,Verapamil
13570,-20.876361846923828,Cyclophosphamide
14030,-20.878860473632812,Busulfan
14159,-20.885906219482422,Diclofenamide
13461,-20.886775970458984,Rosiglitazone
13821,-20.889976501464844,Perindopril
13909,-20.89557647705078,Chlorothiazide
13488,-20.89789581298828,Entecavir
13657,-20.89834213256836,Nicardipine
14358,-20.901012420654297,Ceftibuten
14155,-20.90690803527832,Cefadroxil
13767,-20.912778854370117,Risperidone
13379,-20.91387176513672,Fluorometholone
14635,-20.918792724609375,Pitavastatin
13735,-20.921104431152344,Amprenavir
13341,-20.922138214111328,Venlafaxine
13853,-20.92455291748047,Disulfiram
13378,-20.924945831298828,Tolcapone
14227,-20.92760467529297,Estazolam
13614,-20.92931365966797,Carbenicillin
13310,-20.93229866027832,Medrysone
14241,-20.93963623046875,Paclitaxel
13839,-20.943485260009766,Indapamide
14492,-20.94765281677246,Iloperidone
13642,-20.948535919189453,Nafcillin
14460,-20.949234008789062,Estrone sulfate
13273,-20.949264526367188,Citalopram
13450,-20.950027465820312,Nisoldipine
14231,-20.956802368164062,Dantrolene
14490,-20.960004806518555,Ospemifene
14402,-20.962310791015625,Liotrix
14348,-20.968271255493164,Methotrimeprazine
14027,-20.97276496887207,Hydroxyurea
13771,-20.973655700683594,Pentamidine
13318,-20.97854232788086,Anagrelide
14151,-20.98025894165039,Carvedilol
13819,-20.982887268066406,Naproxen
13934,-20.983341217041016,Quinidine
13749,-20.98786735534668,Nedocromil
13436,-20.988067626953125,Procyclidine
13483,-20.988441467285156,Bendroflumethiazide
14148,-20.99073028564453,Pioglitazone
14347,-20.99289321899414,Choline magnesium trisalicylate
14134,-20.996604919433594,Amiodarone
13875,-21.000354766845703,Clofazimine
14654,-21.01323699951172,Ponatinib
13929,-21.015697479248047,Etacrynic acid
13420,-21.017236709594727,Norepinephrine
13915,-21.017587661743164,Bumetanide
14060,-21.018718719482422,Thalidomide
13177,-21.01927947998047,Octreotide
13969,-21.022056579589844,Acetylsalicylic acid
13315,-21.022201538085938,Calcium acetate
13266,-21.02288055419922,Ticlopidine
13773,-21.03158950805664,Riluzole
13620,-21.035371780395508,Nizatidine
13743,-21.04231071472168,Ibandronate
14005,-21.04523468017578,Formoterol
13268,-21.045597076416016,Adapalene
14268,-21.046295166015625,Lapatinib
14198,-21.04934310913086,Fluoxymesterone
13239,-21.055381774902344,Flunisolide
14055,-21.056941986083984,Cerulenin
13674,-21.058759689331055,Adenosine
14199,-21.058961868286133,Pergolide
13734,-21.059282302856445,Eplerenone
13913,-21.061702728271484,Risedronic acid
13439,-21.0648193359375,Digoxin
14178,-21.06566047668457,Ofloxacin
14220,-21.068260192871094,Sparfloxacin
13448,-21.068620681762695,Zoledronic acid
13279,-21.073415756225586,Isoetharine
14205,-21.07899284362793,Acebutolol
13629,-21.08120346069336,Amiloride
13285,-21.08234977722168,Lovastatin
13870,-21.082372665405273,Tolazamide
14708,-21.083782196044922,Bisacodyl
13851,-21.084508895874023,Tadalafil
13732,-21.087574005126953,Nitrofurantoin
14252,-21.0902099609375,Gemfibrozil
13443,-21.09325408935547,Beclomethasone dipropionate
13173,-21.095754623413086,Desmopressin
13703,-21.09931182861328,Sumatriptan
14200,-21.10320281982422,Ciclopirox
13295,-21.109094619750977,Nevirapine
14184,-21.109867095947266,Moclobemide
14509,-21.11279296875,Abiraterone
14135,-21.11473846435547,Diazoxide
13228,-21.120330810546875,Cholecalciferol
13411,-21.120685577392578,Mefloquine
13797,-21.121328353881836,Mometasone
13628,-21.121437072753906,Ethosuximide
13902,-21.121578216552734,Loteprednol
13282,-21.12281608581543,Indinavir
13256,-21.123764038085938,Oseltamivir
13345,-21.126895904541016,Atomoxetine
14140,-21.128833770751953,Tolbutamide
14329,-21.132083892822266,Procaterol
14194,-21.132314682006836,Ifosfamide
14527,-21.13239288330078,Rivaroxaban
13919,-21.13438606262207,Sulfapyridine
14188,-21.134777069091797,Escitalopram
13520,-21.135242462158203,Chlorpromazine
14190,-21.13715171813965,Idarubicin
13728,-21.137554168701172,Daunorubicin
13363,-21.138391494750977,Bexarotene
13757,-21.13947105407715,Imiquimod
13514,-21.14298439025879,Montelukast
13302,-21.150936126708984,Benzatropine
14115,-21.152225494384766,Rosuvastatin
13562,-21.155006408691406,Alitretinoin
14186,-21.156208038330078,Orphenadrine
14398,-21.161251068115234,Phendimetrazine
13603,-21.162220001220703,Succimer
14121,-21.164093017578125,Sertraline
13265,-21.164154052734375,Azithromycin
13338,-21.165695190429688,Pamidronic acid
13357,-21.166114807128906,Flucloxacillin
14034,-21.16705322265625,Cinacalcet
14426,-21.169065475463867,Valganciclovir
14230,-21.16971778869629,Halofantrine
13376,-21.173994064331055,Amitriptyline
13683,-21.174846649169922,Stavudine
14208,-21.175533294677734,Estramustine
14424,-21.17892074584961,Periciazine
13389,-21.179834365844727,Atenolol
14082,-21.185226440429688,Isoprenaline
14214,-21.188278198242188,Levetiracetam
13188,-21.18895149230957,Ascorbic acid
13399,-21.18916130065918,Alfuzosin
13319,-21.189979553222656,Carmustine
13613,-21.190975189208984,Valaciclovir
13494,-21.19615364074707,Dipivefrin
13638,-21.197242736816406,Medroxyprogesterone acetate
13500,-21.200950622558594,Loratadine
13386,-21.206815719604492,Ipratropium
13493,-21.21023178100586,Lansoprazole
13661,-21.210697174072266,Bacitracin
13675,-21.212738037109375,Simvastatin
14002,-21.215225219726562,Ramelteon
14132,-21.216527938842773,Trimethaphan
14280,-21.2171630859375,Nelarabine
13796,-21.217308044433594,Methimazole
13464,-21.21749496459961,Phenoxymethylpenicillin
14152,-21.217811584472656,Levofloxacin
13945,-21.218505859375,Spectinomycin
14340,-21.219120025634766,Colchicine
13565,-21.222549438476562,Oxaliplatin
13806,-21.232145309448242,Hydroflumethiazide
13737,-21.234386444091797,Naltrexone
13662,-21.235763549804688,Niacin
14251,-21.237464904785156,Epoprostenol
13342,-21.23786163330078,Conjugated estrogens
13883,-21.238250732421875,Levorphanol
13814,-21.239425659179688,Propantheline
13403,-21.241191864013672,Minoxidil
14344,-21.24221420288086,DB01398
13827,-21.24305534362793,Candesartan cilexetil
14639,-21.244199752807617,Fingolimod
13246,-21.247379302978516,Esmolol
14149,-21.247983932495117,Tiludronic acid
14345,-21.254802703857422,Salsalate
13664,-21.260202407836914,Guanabenz
13994,-21.260629653930664,Azelastine
14202,-21.26122283935547,Clindamycin
14511,-21.266834259033203,Sulfathiazole
13422,-21.26691436767578,Mirtazapine
13573,-21.268917083740234,Guanidine
14550,-21.269359588623047,Pasireotide
13950,-21.274112701416016,Cyclobenzaprine
14300,-21.276065826416016,Cefazolin
13886,-21.276092529296875,Terbinafine
13192,-21.27794647216797,L-Glutamine
14093,-21.27924346923828,Diphenhydramine
13340,-21.28255844116211,Acarbose
14297,-21.291011810302734,Polythiazide
13952,-21.294147491455078,Famotidine
14146,-21.297101974487305,Prednicarbate
14337,-21.297210693359375,Sodium bicarbonate
13918,-21.30451202392578,Dienestrol
13702,-21.305255889892578,Epinephrine
14276,-21.305744171142578,Sunitinib
14122,-21.30730628967285,Sibutramine
13449,-21.308002471923828,Griseofulvin
13693,-21.31283950805664,Acamprosate
13391,-21.31325912475586,Pimecrolimus
14028,-21.313337326049805,Letrozole
13526,-21.317462921142578,Gallamine triethiodide
14498,-21.318267822265625,Trabectedin
13672,-21.31986427307129,Astemizole
14117,-21.321901321411133,Pimozide
14213,-21.32220458984375,Rifapentine
13898,-21.322628021240234,Dorzolamide
13681,-21.32425308227539,Dextropropoxyphene
14277,-21.325838088989258,Varenicline
13938,-21.327835083007812,Repaglinide
14118,-21.327884674072266,Capecitabine
14237,-21.328222274780273,Enoxaparin
13194,-21.328861236572266,alpha-Linolenic acid
14638,-21.332927703857422,DB08866
13515,-21.33538818359375,Fluoxetine
13807,-21.335899353027344,Tirofiban
13785,-21.336223602294922,Tranylcypromine
13770,-21.337038040161133,Meclizine
14637,-21.33885955810547,Crizotinib
14299,-21.339282989501953,Cefamandole
13278,-21.34075164794922,Nelfinavir
13759,-21.341720581054688,Trimipramine
13835,-21.343170166015625,Dicyclomine
13710,-21.344058990478516,Benzyl benzoate
13993,-21.347774505615234,Dactinomycin
13385,-21.352497100830078,Metformin
14416,-21.352779388427734,Tiaprofenic acid
14108,-21.35613250732422,Butenafine
14094,-21.357439041137695,Atorvastatin
14066,-21.357622146606445,Fluocinonide
13480,-21.357940673828125,Prochlorperazine
13260,-21.360246658325195,Succinylcholine
13531,-21.362279891967773,Altretamine
14037,-21.367755889892578,Sulfamethoxazole
13892,-21.370424270629883,Ranitidine
14253,-21.372055053710938,Clomipramine
14001,-21.372652053833008,Cyclopentolate
14521,-21.373943328857422,Prasugrel
13746,-21.37482452392578,Oxacillin
14097,-21.37488555908203,Vigabatrin
13535,-21.37552833557129,Fosinopril
14078,-21.37574005126953,Amoxicillin
14077,-21.380603790283203,Norfloxacin
13556,-21.382518768310547,Bentoquatam
13193,-21.389209747314453,Adenosine phosphate
13818,-21.390668869018555,Acyclovir
13247,-21.390867233276367,PS-341
13553,-21.394840240478516,Aminocaproic acid
13577,-21.394939422607422,Nortriptyline
14377,-21.396299362182617,Glutethimide
13475,-21.397001266479492,Streptozocin
14145,-21.397499084472656,Rabeprazole
13640,-21.39771270751953,Sulindac
14038,-21.398834228515625,Glyburide
13951,-21.403892517089844,Phenoxybenzamine
13222,-21.404010772705078,Vitamin A
14018,-21.407814025878906,Gabapentin
13873,-21.408061981201172,Donepezil
14403,-21.409557342529297,Ursodeoxycholic acid
14153,-21.414066314697266,Sulfinpyrazone
13700,-21.414533615112305,Nafarelin
14655,-21.417699813842773,Bedaquiline
14470,-21.41780662536621,Flunarizine
13218,-21.42091178894043,Folic acid
13184,-21.425437927246094,Biotin
13991,-21.431316375732422,Methyldopa
13249,-21.432846069335938,Carbidopa
14570,-21.43321418762207,Methyltestosterone
14165,-21.43537139892578,Cefprozil
14621,-21.43698501586914,Tofisopam
13427,-21.437467575073242,Trihexyphenidyl
13237,-21.437549591064453,Ramipril
13778,-21.44021987915039,Modafinil
13610,-21.440677642822266,Fenoprofen
13588,-21.445465087890625,Acetohydroxamic acid
14243,-21.445812225341797,Saquinavir
14217,-21.4468994140625,Flumazenil
13332,-21.448673248291016,Amsacrine
13644,-21.452335357666016,Ethionamide
13501,-21.456562042236328,Cefalotin
14246,-21.457298278808594,Levodopa
13264,-21.45901107788086,Reserpine
13751,-21.459728240966797,Adefovir dipivoxil
13676,-21.4616756439209,Pemetrexed
13563,-21.46200180053711,Metolazone
13975,-21.464998245239258,Isoniazid
14463,-21.46579360961914,Suramin
14218,-21.467449188232422,Lomustine
14622,-21.469484329223633,Lurasidone
13423,-21.473276138305664,Meprobamate
14112,-21.474716186523438,Fluvastatin
13349,-21.477794647216797,Raltitrexed
14537,-21.478273391723633,Dapagliflozin
13964,-21.479473114013672,Methantheline
13947,-21.482864379882812,Buprenorphine
14090,-21.483230590820312,Atazanavir
13621,-21.486928939819336,Diclofenac
13492,-21.489768981933594,Chloramphenicol
14514,-21.492671966552734,Acetylcysteine
13862,-21.4929141998291,Trifluoperazine
13382,-21.49300765991211,Hydromorphone
13572,-21.493867874145508,Cefdinir
13910,-21.494693756103516,Quinapril
13960,-21.495288848876953,Salicylic acid
13280,-21.50248146057129,Glimepiride
13997,-21.504709243774414,Dipyridamole
14223,-21.510116577148438,Clarithromycin
13705,-21.510894775390625,Cefixime
13753,-21.51125144958496,Clodronic acid
13496,-21.512046813964844,Levothyroxine
13808,-21.5146427154541,Oxcarbazepine
13172,-21.514711380004883,Goserelin
13932,-21.516864776611328,Tiagabine
13958,-21.51779556274414,Maprotiline
13434,-21.51865005493164,Triamterene
13787,-21.523303985595703,Ethotoin
14444,-21.52435302734375,Roflumilast
14033,-21.52499008178711,Metyrapone
13326,-21.52731704711914,Isradipine
13989,-21.530818939208984,Telmisartan
13408,-21.531116485595703,Aztreonam
13373,-21.531177520751953,Codeine
13567,-21.53203582763672,Lercanidipine
14279,-21.535247802734375,Hydralazine
13358,-21.53592872619629,Tranexamic acid
14086,-21.537662506103516,Clonazepam
14313,-21.5399169921875,Quinidine barbiturate
13713,-21.541276931762695,Thioridazine
14462,-21.54233741760254,Iodipamide
14004,-21.54386329650879,Isotretinoin
14070,-21.549312591552734,Novobiocin
14193,-21.549358367919922,Rescinnamine
14534,-21.55386734008789,Temsirolimus
13533,-21.55606460571289,Buspirone
14157,-21.558013916015625,Doxepin
14670,-21.5594482421875,Sofosbuvir
13840,-21.559974670410156,Tropicamide
13987,-21.561555862426758,Bromfenac
13738,-21.564388275146484,Delavirdine
13953,-21.5654296875,Azacitidine
13715,-21.56644058227539,Amphotericin B
13625,-21.57080078125,Doxazosin
14438,-21.570940017700195,Thiothixene
13234,-21.572860717773438,Pravastatin
14127,-21.574398040771484,Colistimethate
13731,-21.5793399810791,Tizanidine
14500,-21.57994270324707,Methsuximide
13845,-21.58053207397461,Meloxicam
13560,-21.58420181274414,Caspofungin
13527,-21.585899353027344,Brimonidine
13726,-21.587881088256836,Phentolamine
14575,-21.591190338134766,Potassium Iodide
13409,-21.591428756713867,Chlorzoxazone
13472,-21.594717025756836,Zolpidem
14187,-21.598833084106445,Phenobarbital
14029,-21.600963592529297,Tioconazole
13458,-21.603004455566406,Remoxipride
13311,-21.605754852294922,Doxycycline
14098,-21.606714248657227,Diphenoxylate
13580,-21.60805320739746,Amoxapine
14339,-21.608610153198242,Bezafibrate
14168,-21.611576080322266,Thiamylal
14158,-21.61284065246582,Amifostine
14357,-21.61740493774414,Cefacetrile
13539,-21.62053680419922,Darifenacin
14129,-21.626943588256836,Papaverine
13467,-21.62714958190918,Promazine
13850,-21.627811431884766,Acetazolamide
14552,-21.629417419433594,Ethanolamine oleate
13988,-21.629776000976562,Apraclonidine
14644,-21.634292602539062,Vemurafenib
13473,-21.634769439697266,Famciclovir
14595,-21.63750648498535,Methylnaltrexone
13397,-21.637861251831055,Protriptyline
13724,-21.638845443725586,Flurazepam
13650,-21.638870239257812,Rifabutin
13754,-21.640480041503906,Procaine
14069,-21.640653610229492,Ibuprofen
13707,-21.646846771240234,Aprepitant
14064,-21.64728546142578,Rifampicin
13639,-21.647727966308594,Cisapride
13647,-21.64781951904297,Bisoprolol
14531,-21.652408599853516,Udenafil
14185,-21.65408706665039,Kanamycin
14247,-21.657564163208008,Sevoflurane
13849,-21.65835189819336,Propofol
13387,-21.660316467285156,Methadone
14324,-21.664440155029297,Penbutolol
14035,-21.66500473022461,Clobetasol propionate
13414,-21.66578483581543,Vinorelbine
13503,-21.667438507080078,Imipramine
13604,-21.667877197265625,Cephalexin
14181,-21.668487548828125,Procarbazine
14203,-21.67207145690918,Dexfenfluramine
13936,-21.675079345703125,Paricalcitol
14156,-21.67730712890625,Micafungin
14641,-21.67749786376953,Boceprevir
13764,-21.678627014160156,Nateglinide
14691,-21.680110931396484,Eprazinone
14063,-21.680255889892578,Gatifloxacin
13843,-21.68115997314453,Phenylbutazone
13996,-21.68639373779297,Edetic acid
13405,-21.68782615661621,Tioguanine
13999,-21.688472747802734,Ethinylestradiol
14032,-21.688949584960938,Edrophonium
13176,-21.693986892700195,Felypressin
13185,-21.696144104003906,Choline
13219,-21.69711685180664,Icosapent
13459,-21.699190139770508,Mupirocin
14176,-21.699344635009766,Terazosin
13469,-21.699594497680664,Methylphenidate
13374,-21.70228385925293,Piperacillin
14166,-21.70316505432129,Desipramine
14172,-21.703554153442383,Bretylium
13398,-21.706100463867188,Aminohippuric acid
13895,-21.711959838867188,Alprenolol
13578,-21.712066650390625,Vincristine
14116,-21.713489532470703,Flucytosine
13763,-21.714710235595703,Thiabendazole
13585,-21.716720581054688,Azelaic acid
13474,-21.72679901123047,Triprolidine
14423,-21.730342864990234,Ticarcillin
14042,-21.733020782470703,Isosorbide mononitrate
13453,-21.733118057250977,Alprazolam
14625,-21.734130859375,Ivacaftor
13935,-21.735280990600586,Zonisamide
13428,-21.735435485839844,Palonosetron
14012,-21.7366943359375,Exemestane
13658,-21.73748207092285,Fluphenazine
14496,-21.738784790039062,Ingenol mebutate
13305,-21.738807678222656,Cabergoline
14626,-21.739198684692383,Azilsartan medoxomil
13304,-21.739307403564453,Methysergide
13750,-21.740449905395508,Norethisterone
13289,-21.740652084350586,Temazepam
13799,-21.741287231445312,Clavulanic acid
13431,-21.741294860839844,Dexrazoxane
13719,-21.74234390258789,Trovafloxacin
13255,-21.743125915527344,Fluconazole
13844,-21.743362426757812,Fentanyl
13790,-21.74493980407715,Dolasetron
13783,-21.746231079101562,Prilocaine
14378,-21.74744987487793,Phenazopyridine
13402,-21.749298095703125,Clobazam
13740,-21.753131866455078,Porfimer sodium
13367,-21.75458335876465,Pentobarbital
14274,-21.75628662109375,Telbivudine
13867,-21.75737190246582,Loperamide
13359,-21.759777069091797,Ertapenem
13462,-21.760387420654297,Pramipexole
14221,-21.761585235595703,Dezocine
14538,-21.76218032836914,Saxagliptin
14196,-21.765228271484375,Naloxone
14169,-21.76777458190918,Gemifloxacin
13545,-21.76999282836914,Haloperidol
14164,-21.770084381103516,Nefazodone
14667,-21.77123260498047,Dolutegravir
13507,-21.771474838256836,Methscopolamine bromide
13574,-21.773221969604492,Ciprofloxacin
13272,-21.77460289001465,Torasemide
13329,-21.777931213378906,Topiramate
13944,-21.779245376586914,Almotriptan
14561,-21.77971649169922,Dexmethylphenidate
14596,-21.779876708984375,Nepafenac
13921,-21.780170440673828,Testolactone
13948,-21.78235626220703,Levosimendan
14512,-21.786243438720703,Mianserin
13456,-21.786258697509766,Ardeparin
14311,-21.789661407470703,Cilazapril
13536,-21.79203224182129,Cefotaxime
14671,-21.79496192932129,Chlorcyclizine
13471,-21.795711517333984,Hyoscyamine
13699,-21.796009063720703,Nilutamide
13344,-21.797080993652344,Amcinonide
13781,-21.800811767578125,Carbinoxamine
14628,-21.80149269104004,Deferiprone
13478,-21.80289077758789,Lindane
13292,-21.80504035949707,Reboxetine
13460,-21.807186126708984,Carbamoylcholine
13970,-21.807538986206055,Phenprocoumon
13202,-21.808948516845703,Riboflavin
14260,-21.80951690673828,Iodixanol
13788,-21.81179428100586,Tretinoin
14497,-21.812883377075195,Indacaterol
13606,-21.812978744506836,Fondaparinux
14432,-21.81326675415039,Alverine
14101,-21.81403923034668,Emedastine
13636,-21.814735412597656,Linezolid
14083,-21.816856384277344,Melatonin
14536,-21.819795608520508,Simeprevir
13777,-21.82097816467285,Zileuton
13863,-21.821651458740234,Phensuximide
14612,-21.822551727294922,Chloropyramine
13429,-21.825164794921875,Dydrogesterone
13923,-21.825746536254883,Rimexolone
13259,-21.827192306518555,Caffeine
13973,-21.82783317565918,Felbamate
13641,-21.82820701599121,Cyclothiazide
14061,-21.82841682434082,Melphalan
13284,-21.82867431640625,Guanadrel
13592,-21.828968048095703,Lamotrigine
13543,-21.834768295288086,Tolmetin
14301,-21.837308883666992,Cefonicid
13513,-21.8391056060791,Dronabinol
13690,-21.840011596679688,Trazodone
13697,-21.841264724731445,Flumethasone
14007,-21.841503143310547,Dimenhydrinate
13430,-21.84191131591797,Mexiletine
14262,-21.844228744506836,Gliquidone
13691,-21.845645904541016,Mecamylamine
13823,-21.848609924316406,Tripelennamine
13470,-21.85011863708496,Methocarbamol
14270,-21.850543975830078,Sitagliptin
13350,-21.8514404296875,Etonogestrel
13297,-21.85163116455078,Alclometasone
13371,-21.85482406616211,Acetaminophen
14653,-21.856788635253906,Enzalutamide
13624,-21.858684539794922,Lisuride
13316,-21.858991622924805,Sulfanilamide
14457,-21.859397888183594,Trioxsalen
14410,-21.860698699951172,Zinc
14636,-21.86093521118164,Rilpivirine
14275,-21.861522674560547,Paliperidone
13716,-21.86186981201172,Warfarin
14236,-21.862377166748047,Quetiapine
14080,-21.86394691467285,Oxybutynin
14425,-21.864418029785156,Deferasirox
14562,-21.864757537841797,Fesoterodine
14044,-21.868803024291992,Phylloquinone
14442,-21.86947250366211,Lincomycin
13542,-21.869510650634766,Flutamide
14020,-21.870670318603516,Frovatriptan
14294,-21.8713321685791,Fosamprenavir
13339,-21.873889923095703,Clemastine
13593,-21.87487030029297,Perflutren
14572,-21.875452041625977,Nilvadipine
13926,-21.875560760498047,Remifentanil
13481,-21.879241943359375,Cyproheptadine
13718,-21.88126564025879,Tobramycin
14248,-21.882549285888672,Bromodiphenhydramine
14583,-21.88385772705078,Ketobemidone
13559,-21.888479232788086,Trandolapril
14041,-21.89688491821289,Bethanechol
14289,-21.90017318725586,Practolol
13780,-21.900192260742188,Scopolamine
13258,-21.90042495727539,Hydroxocobalamin
13669,-21.902462005615234,Sulfacetamide
13335,-21.904407501220703,Liothyronine
13931,-21.907222747802734,Bimatoprost
14222,-21.90790557861328,Levobunolol
13912,-21.909528732299805,Isosorbide dinitrate
13206,-21.910335540771484,Glycine
14513,-21.91036605834961,Sulfadimethoxine
14013,-21.91128921508789,Oxaprozin
13215,-21.912073135375977,Dihomo-gamma-linolenic acid
14349,-21.912857055664062,Danazol
14056,-21.915712356567383,Procainamide
13336,-21.915996551513672,Disopyramide
13476,-21.918256759643555,Carboprost tromethamine
14144,-21.918292999267578,Bicalutamide
13846,-21.918508529663086,Sodium lauryl sulfate
14354,-21.92011070251465,Pranlukast
14212,-21.92041015625,Bromocriptine
13400,-21.92274284362793,Trimethadione
13782,-21.92615509033203,Etodolac
13784,-21.930910110473633,Epinastine
14010,-21.931041717529297,Dopamine
13637,-21.931276321411133,Ivermectin
14120,-21.931499481201172,Quinacrine
13454,-21.93463134765625,Dexbrompheniramine
14130,-21.935047149658203,Chlorpheniramine
13352,-21.937297821044922,Ropivacaine
13789,-21.93960189819336,Hexachlorophene
14000,-21.939647674560547,Lomefloxacin
13388,-21.940113067626953,Olanzapine
14353,-21.944210052490234,Ciclesonide
13831,-21.94561004638672,Fenoldopam
13643,-21.947357177734375,Chloroquine
14515,-21.949203491210938,Rimonabant
13725,-21.949932098388672,Moexipril
13355,-21.950111389160156,Penciclovir
13416,-21.950992584228516,Clozapine
14508,-21.951316833496094,Sodium stibogluconate
14539,-21.952978134155273,Telavancin
13720,-21.95956039428711,Pentosan polysulfate
13928,-21.96234893798828,Methdilazine
14530,-21.965129852294922,Droxidopa
13689,-21.967145919799805,Estrone
14103,-21.967382431030273,Benzocaine
13741,-21.967605590820312,Sufentanil
14507,-21.97081184387207,Telaprevir
14336,-21.975229263305664,Paramethasone
14433,-21.97661590576172,Molindone
13887,-21.97979736328125,Drostanolone
13685,-21.980302810668945,Dyphylline
13598,-21.980464935302734,Doxapram
14465,-21.98550033569336,Maraviroc
14272,-21.986783981323242,Posaconazole
13538,-21.988296508789062,Zidovudine
13682,-21.988632202148438,Mitotane
13484,-21.989601135253906,Allopurinol
14577,-21.990331649780273,Fosaprepitant
14335,-21.990856170654297,Glymidine
14085,-21.991029739379883,Glipizide
14524,-21.9920654296875,Regadenoson
14518,-21.993877410888672,Alogliptin
13656,-21.99606704711914,Oxandrolone
13174,-22.00021743774414,Cetrorelix
14627,-22.003143310546875,Ioflupane I-123
13417,-22.003400802612305,Sucralfate
13322,-22.00426483154297,Crotamiton
13419,-22.007164001464844,Levonorgestrel
14696,-22.01567840576172,Dimetacrine
13798,-22.01770782470703,Metyrosine
13306,-22.01959991455078,Idoxuridine
14048,-22.019786834716797,Ketoconazole
13546,-22.023269653320312,Ritonavir
14544,-22.02666473388672,Agomelatine
13393,-22.032146453857422,Pyrazinamide
13917,-22.032638549804688,Granisetron
14109,-22.035221099853516,Ouabain
13729,-22.036746978759766,Furosemide
14182,-22.040687561035156,Arsenic trioxide
13961,-22.040721893310547,Diethylpropion
13974,-22.043941497802734,Fexofenadine
13694,-22.044124603271484,Metaxalone
14167,-22.0450439453125,Sertaconazole
14326,-22.04526138305664,Iohexol
14634,-22.045454025268555,Hydroxyproline
14610,-22.048397064208984,Sulfamoxole
13617,-22.049230575561523,Voriconazole
13963,-22.050134658813477,Meclofenamic acid
13968,-22.051027297973633,Demecarium
13671,-22.05178451538086,Clofibrate
13684,-22.053348541259766,Leucovorin
13320,-22.053936004638672,Sulfisoxazole
13966,-22.054866790771484,Cycrimine
13980,-22.055036544799805,Hydrocodone
14519,-22.055912017822266,Tapentadol
14601,-22.05620574951172,Pralatrexate
14400,-22.060163497924805,Sulfamerazine
13410,-22.060239791870117,Aminoglutethimide
13549,-22.062419891357422,Triflupromazine
14446,-22.06283950805664,Equilin
14614,-22.063175201416016,Isothipendyl
14409,-22.064685821533203,Iron
14058,-22.066810607910156,Deprenyl
13635,-22.07225227355957,Monobenzone
14437,-22.073257446289062,Thioproperazine
14215,-22.074153900146484,Nadolol
14025,-22.07596206665039,Cromoglicic acid
13688,-22.077640533447266,Latanoprost
13943,-22.079742431640625,Dinoprostone
14049,-22.08090591430664,Methoxyflurane
13251,-22.084346771240234,Indecainide
14548,-22.086078643798828,Flupirtine
14278,-22.086864471435547,Arformoterol
14363,-22.08698844909668,Paromomycin
14110,-22.08721351623535,Dimethyl sulfoxide
13956,-22.09117317199707,Tipranavir
14594,-22.091270446777344,Mafenide
14677,-22.0931396484375,Ifenprodil
14206,-22.095325469970703,Brinzolamide
13365,-22.096670150756836,Vindesine
14430,-22.097000122070312,Acepromazine
14427,-22.097515106201172,Hydroxychloroquine
14273,-22.09793472290039,Darunavir
14466,-22.10003662109375,Clofedanol
13881,-22.102252960205078,Pseudoephedrine
13274,-22.103275299072266,Eletriptan
14623,-22.104028701782227,Ticagrelor
13937,-22.105239868164062,Tinidazole
14359,-22.105958938598633,Cefpodoxime
14549,-22.10867691040039,Dalfampridine
14702,-22.110485076904297,Articaine
13240,-22.111919403076172,Baclofen
13463,-22.11227035522461,Ampicillin
13465,-22.1151065826416,Secobarbital
13618,-22.11614227294922,Levocarnitine
13739,-22.123046875,Tamsulosin
14043,-22.12713050842285,Trichlormethiazide
13954,-22.12885856628418,Misoprostol
14658,-22.1289005279541,Canagliflozin
13768,-22.13086700439453,Naftifine
14598,-22.130931854248047,Nonoxynol-9
14008,-22.133630752563477,Glycopyrronium
13517,-22.13421058654785,Methohexital
13303,-22.1345157623291,Ziprasidone
13678,-22.134845733642578,Gonadorelin
14302,-22.13599395751953,Cefoperazone
14647,-22.136314392089844,Icosapent ethyl
14352,-22.13660430908203,Tiotropium
14306,-22.136926651000977,Cefradine
13413,-22.13912582397461,Sapropterin
13907,-22.14177894592285,Chlorhexidine
14142,-22.144197463989258,Dutasteride
13321,-22.145998001098633,Metoprolol
14597,-22.146289825439453,Niclosamide
13903,-22.14632225036621,Guaifenesin
13390,-22.146459579467773,Nitrofural
13508,-22.14760971069336,Sodium tetradecyl sulfate
13181,-22.149246215820312,Ademetionine
13802,-22.14954376220703,Alprostadil
14211,-22.149574279785156,Tubocurarine
14102,-22.15194320678711,Pilocarpine
14341,-22.15737533569336,Drospirenone
13632,-22.15915298461914,Gadoteridol
13631,-22.16189193725586,Ulobetasol
14439,-22.161895751953125,Zuclopenthixol
13212,-22.16408920288086,Cysteine
14411,-22.167835235595703,Cinolazepam
14533,-22.16963005065918,Alvimopan
13283,-22.17181396484375,Gadodiamide
14371,-22.175697326660156,Aprindine
13866,-22.17702293395996,Brompheniramine
14076,-22.17724609375,Praziquantel
13611,-22.17835235595703,Clonidine
13615,-22.180044174194336,Mazindol
13406,-22.182571411132812,Methylergometrine
13178,-22.183727264404297,Cyanocobalamin
13564,-22.184616088867188,Tolnaftate
13511,-22.186044692993164,Quinine
13314,-22.189163208007812,Clotrimazole
13241,-22.18943977355957,Amphetamine
14675,-22.19015121459961,Iopanoic acid
13894,-22.19156265258789,Benzphetamine
13381,-22.193294525146484,Calcium glucoheptonate
13677,-22.193634033203125,Mebendazole
13550,-22.19416618347168,Dextrothyroxine
14660,-22.19426727294922,Pomalidomide
14453,-22.19552993774414,Acetic acid
14089,-22.197731018066406,Mequitazine
13838,-22.19832420349121,Proparacaine
13334,-22.20094871520996,Argatroban
13330,-22.20140838623047,Cefmetazole
14291,-22.20175552368164,Sulfadoxine
13288,-22.202373504638672,Pregabalin
13224,-22.202701568603516,Pyridoxine
14588,-22.204448699951172,Besifloxacin
14375,-22.20938491821289,Antipyrine
14663,-22.210289001464844,Radium Ra 223 dichloride
13451,-22.21088409423828,Eszopiclone
14412,-22.211196899414062,Nitrazepam
14343,-22.212387084960938,Magnesium salicylate
14611,-22.21300506591797,Antazoline
14031,-22.213422775268555,Ketoprofen
13418,-22.217262268066406,Doxylamine
13250,-22.21776580810547,Phentermine
13977,-22.219507217407227,Rizatriptan
14565,-22.22074317932129,Gadofosveset trisodium
13891,-22.22315216064453,Vardenafil
14370,-22.22376823425293,Oxybenzone
13804,-22.224071502685547,Malathion
13874,-22.226791381835938,Nalbuphine
13884,-22.227596282958984,Aminolevulinic acid
14656,-22.2277774810791,Formestane
13229,-22.2310791015625,Menadione
14476,-22.23250961303711,Nebivolol
14072,-22.235130310058594,Nitrendipine
13595,-22.2359676361084,Zanamivir
14616,-22.239538192749023,Nandrolone decanoate
13860,-22.24155044555664,Diazepam
13730,-22.241979598999023,Ergotamine
14468,-22.243717193603516,Cyproterone acetate
13368,-22.243785858154297,Valproic acid
13981,-22.24441146850586,Norgestimate
14081,-22.24588394165039,Acetophenazine
14592,-22.245922088623047,Difluprednate
14399,-22.245960235595703,Oxprenolol
13888,-22.24806022644043,Penicillamine
13370,-22.248754501342773,Zolmitriptan
13300,-22.25342559814453,Ranolazine
13404,-22.254491806030273,Megestrol acetate
14526,-22.25857162475586,Lacosamide
13801,-22.259580612182617,Hydrocortamate
13879,-22.260419845581055,Perphenazine
13717,-22.261343002319336,Midazolam
13277,-22.264150619506836,Oxyphenonium
13532,-22.264324188232422,Sotalol
13646,-22.26567840576172,Butorphanol
13435,-22.265827178955078,Valrubicin
14254,-22.266860961914062,Chloroxine
14330,-22.267902374267578,Rasagiline
14605,-22.268985748291016,Triclosan
13899,-22.27295684814453,Suprofen
13561,-22.273906707763672,Carteolol
13687,-22.278648376464844,Magnesium sulfate
13323,-22.281496047973633,Dicoumarol
14704,-22.281734466552734,Canrenoic acid
13426,-22.284591674804688,Colestipol
13667,-22.285486221313477,Docosanol
13852,-22.286426544189453,Carprofen
14128,-22.28774642944336,Cefuroxime
14096,-22.28908920288086,Deslanoside
13633,-22.2902774810791,Labetalol
13287,-22.29739761352539,Cefotiam
14088,-22.29812240600586,Dihydrotachysterol
14282,-22.300262451171875,Lumiracoxib
13616,-22.303293228149414,Lactulose
14435,-22.3035888671875,Pheniramine
13758,-22.306259155273438,Homatropine methylbromide
13369,-22.308008193969727,Capreomycin
14401,-22.31340789794922,Sulfamethazine
14139,-22.31382942199707,Proflavine
14315,-22.31393814086914,Spirapril
13941,-22.315174102783203,Amantadine
14540,-22.316133499145508,Etravirine
13317,-22.317039489746094,Cycloserine
14125,-22.318904876708984,Trilostane
14374,-22.318979263305664,Methadyl acetate
13548,-22.319189071655273,Nitazoxanide
13568,-22.321550369262695,Foscarnet
13876,-22.323436737060547,Flurandrenolide
14390,-22.325061798095703,Dihydrocodeine
13415,-22.32562255859375,Anidulafungin
13602,-22.327213287353516,Cisatracurium
13575,-22.32961654663086,Gadoversetamide
13529,-22.330108642578125,Nabilone
14697,-22.331165313720703,Demexiptiline
13946,-22.331645965576172,Ketotifen
14684,-22.332765579223633,Flubendazole
14581,-22.33380126953125,Sulfaphenazole
13723,-22.336872100830078,Cephaloglycin
14528,-22.339130401611328,Avanafil
14286,-22.340606689453125,Bismuth subsalicylate
14285,-22.35116958618164,Pirbuterol
13554,-22.35253143310547,Dextromethorphan
13673,-22.353439331054688,Butoconazole
14269,-22.353656768798828,Desonide
13211,-22.355445861816406,Tryptophan
14532,-22.35757064819336,Sitaxentan
13811,-22.362869262695312,Nalidixic acid
14545,-22.363248825073242,Apixaban
14488,-22.366634368896484,Clevidipine
14618,-22.366647720336914,Bopindolol
13337,-22.367164611816406,Lidocaine
13747,-22.367198944091797,Apomorphine
14640,-22.367380142211914,Eribulin
14104,-22.368988037109375,Primaquine
13824,-22.369571685791016,Haloprogin
13324,-22.370563507080078,Cefmenoxime
14619,-22.37302017211914,Bupranolol
14225,-22.373836517333984,Fomepizole
14183,-22.37450408935547,Guanethidine
13776,-22.37542724609375,Gadobenic acid
14316,-22.378543853759766,Tasosartan
13985,-22.380722045898438,Mepivacaine
13485,-22.381214141845703,Ceftazidime
14456,-22.383434295654297,Latamoxef
14175,-22.384716033935547,Chloroprocaine
13257,-22.385189056396484,Erythromycin
14506,-22.38579559326172,Tetrachlorodecaoxide
13924,-22.386295318603516,Triazolam
14147,-22.393108367919922,Proguanil
14177,-22.39345932006836,Calcium chloride
14487,-22.394126892089844,Oritavancin
14232,-22.399490356445312,Rifaximin
14566,-22.400653839111328,Isometheptene
14617,-22.403465270996094,Roxatidine acetate
14558,-22.404525756835938,Betahistine
13502,-22.40544319152832,Prazosin
14523,-22.405677795410156,Tolvaptan
14161,-22.406543731689453,Diphenylpyraline
13847,-22.40679931640625,Orciprenaline
13466,-22.40799331665039,Miglustat
14207,-22.409164428710938,Flecainide
14624,-22.409183502197266,Tafluprost
14026,-22.410839080810547,Ganciclovir
13262,-22.41095733642578,Dofetilide
14266,-22.411418914794922,Lisdexamfetamine
13760,-22.41747283935547,Nitroglycerin
13794,-22.419254302978516,Potassium chloride
13276,-22.419322967529297,Moxifloxacin
14473,-22.421680450439453,Tetrabenazine
13930,-22.423551559448242,Ondansetron
13557,-22.424579620361328,Anisotropine methylbromide
13438,-22.428762435913086,Carbimazole
14296,-22.434417724609375,Josamycin
13209,-22.43553924560547,Creatine
13957,-22.438213348388672,Mesoridazine
14568,-22.43844223022461,Lumefantrine
13395,-22.438655853271484,Cetirizine
14455,-22.44055938720703,Niflumic acid
14171,-22.441801071166992,Trimetrexate
13353,-22.445280075073242,Bupivacaine
13230,-22.445995330810547,ATP
14334,-22.447296142578125,Cortisone acetate
13457,-22.447669982910156,Loxapine
13446,-22.449020385742188,Phenylpropanolamine
13267,-22.449947357177734,Trospium
14529,-22.450401306152344,Incadronic acid
14298,-22.450485229492188,Quinethazone
14189,-22.456348419189453,Cyclizine
13649,-22.457624435424805,Furazolidone
14219,-22.4649658203125,Ridogrel
14431,-22.46668243408203,Aceprometazine
14484,-22.467239379882812,Vapreotide
14590,-22.46839141845703,Carglumic acid
14210,-22.468751907348633,Zopiclone
14068,-22.469480514526367,Ergoloid mesylate
13360,-22.47490692138672,Desogestrel
14687,-22.475942611694336,Fenbufen
13296,-22.480045318603516,Oxiconazole
13854,-22.48251724243164,Ethynodiol diacetate
14560,-22.483795166015625,Desvenlafaxine
14489,-22.485624313354492,Permethrin
14119,-22.485748291015625,Arbutamine
14475,-22.486480712890625,Dronedarone
13786,-22.486549377441406,Isoflurane
13596,-22.486940383911133,Bosentan
14449,-22.48728370666504,Terlipressin
14382,-22.49172592163086,Ethylmorphine
14376,-22.49197769165039,Alfacalcidol
13752,-22.493606567382812,Azatadine
13571,-22.505043029785156,Chlormerodrin
14197,-22.506309509277344,Domperidone
14143,-22.506778717041016,Econazole
14099,-22.50768280029297,Streptomycin
14543,-22.50894546508789,Ceftaroline fosamil
14257,-22.516084671020508,Alimemazine
14559,-22.51760482788086,Degarelix
13836,-22.521419525146484,Minaprine
14464,-22.522228240966797,Bifonazole
13482,-22.52328872680664,Nitric Oxide
14417,-22.523521423339844,Lopinavir
13343,-22.523902893066406,Travoprost
13384,-22.52710723876953,Ethambutol
14397,-22.527555465698242,Metrizamide
13348,-22.530174255371094,Etomidate
14629,-22.53096580505371,Lomitapide
13998,-22.53152084350586,Telithromycin
13437,-22.53207778930664,Phenylephrine
14226,-22.53227424621582,Metipranolol
13877,-22.532428741455078,Cysteamine
14699,-22.533536911010742,Cloperastine
14563,-22.535411834716797,Gadobutrol
14123,-22.537315368652344,Levocabastine
13516,-22.538936614990234,Hexylcaine
14111,-22.54173469543457,Hesperetin
14692,-22.544971466064453,Epirizole
14057,-22.545204162597656,Tolterodine
13652,-22.545238494873047,Paramethadione
13896,-22.546703338623047,Ritodrine
13908,-22.549175262451172,Emtricitabine
14668,-22.552837371826172,Macitentan
14396,-22.553070068359375,Metamfetamine
14620,-22.554384231567383,Cinitapride
14483,-22.554584503173828,Bepotastine
14707,-22.559017181396484,Bromhexine
14204,-22.55979347229004,Oxymorphone
14564,-22.561634063720703,Iobenguane
13582,-22.569028854370117,Pyridostigmine
13885,-22.570280075073242,Chlorphenesin
14284,-22.571020126342773,Glisoxepide
14250,-22.57252311706543,Chlorprothixene
13855,-22.573959350585938,Enprofylline
14356,-22.575756072998047,Cefepime
13308,-22.57632064819336,Terconazole
13433,-22.577903747558594,Oxyphencyclimine
14586,-22.582921981811523,Ammonium lactate
14192,-22.585247039794922,Podofilox
14695,-22.586000442504883,Diosmin
14242,-22.587238311767578,Diphenidol
14582,-22.59029769897461,Gestodene
14491,-22.59183120727539,Tamibarotene
13407,-22.595109939575195,Buclizine
13622,-22.59534454345703,Cinalukast
14698,-22.599143981933594,Cyamemazine
14650,-22.599365234375,Mirabegron
13869,-22.602916717529297,Clocortolone
14350,-22.603771209716797,Clenbuterol
13976,-22.607892990112305,Naratriptan
13772,-22.608375549316406,Hetacillin
14105,-22.610153198242188,Iloprost
13510,-22.61589813232422,Enoxacin
14688,-22.62089729309082,Etofibrate
13900,-22.620994567871094,Terbutaline
13200,-22.6217098236084,Cystine
13872,-22.625038146972656,Oxazepam
13204,-22.62578773498535,Glutathione
13512,-22.62603759765625,Tenoxicam
14014,-22.627323150634766,Methyl aminolevulinate
14295,-22.628875732421875,Fosphenytoin
14087,-22.631372451782227,Promethazine
13972,-22.63140106201172,Mezlocillin
13809,-22.63196563720703,Propiomazine
14387,-22.636550903320312,Flunitrazepam
13949,-22.63662338256836,Ceforanide
14461,-22.639705657958984,Quinestrol
13612,-22.643779754638672,Sulfamethizole
14556,-22.643863677978516,Arbekacin
13733,-22.64590072631836,Nicergoline
13442,-22.648700714111328,Nimodipine
13668,-22.649436950683594,Dexmedetomidine
14394,-22.650901794433594,Fludiazepam
14333,-22.652809143066406,Aluminium monostearate
14240,-22.656822204589844,Encainide
14381,-22.656919479370117,Fencamfamin
13609,-22.660741806030273,Atropine
13207,-22.66146469116211,Calcifediol
14321,-22.661718368530273,Hexobarbital
13816,-22.661758422851562,Mefenamic acid
13327,-22.664600372314453,Diatrizoate
14024,-22.669160842895508,Levobupivacaine
13663,-22.67007064819336,Clorazepic acid
14579,-22.67195701599121,Aluminum hydroxide
13269,-22.676586151123047,Midodrine
14383,-22.679370880126953,Fenethylline
14657,-22.682598114013672,Fluticasone furoate
14355,-22.684616088867188,Theobromine
13540,-22.68537139892578,Oxycodone
13775,-22.68646240234375,Mannitol
14472,-22.686542510986328,Mepenzolate
13518,-22.68766975402832,Chlordiazepoxide
13698,-22.687705993652344,Sulfametopyrazine
14228,-22.692447662353516,Finasteride
14445,-22.694808959960938,Dalfopristin
14392,-22.696067810058594,Bromazepam
13583,-22.698143005371094,Adinazolam
14408,-22.701351165771484,Solifenacin
13832,-22.702016830444336,Halazepam
14679,-22.702287673950195,Hexetidine
13187,-22.705490112304688,Arginine
13486,-22.707231521606445,Trimethoprim
14238,-22.70973014831543,Mivacurium
13401,-22.710098266601562,Nitisinone
14584,-22.711055755615234,Drotaverine
13530,-22.71162986755371,Pefloxacin
14501,-22.71186065673828,Gallium nitrate
13242,-22.712425231933594,Pentagastrin
14163,-22.713642120361328,Flavoxate
13627,-22.714202880859375,Piperazine
13599,-22.715309143066406,Benzthiazide
13942,-22.716602325439453,Metronidazole
14393,-22.716941833496094,Clotiazepam
13871,-22.71756362915039,Dobutamine
13221,-22.72005844116211,Valine
14346,-22.721778869628906,Neostigmine
14642,-22.730304718017578,Fidaxomicin
13939,-22.730770111083984,Anileridine
14180,-22.735004425048828,Itraconazole
13220,-22.736486434936523,Alanine
14380,-22.737045288085938,Diamorphine
13933,-22.737842559814453,Cocaine
13587,-22.741302490234375,Propylthiouracil
14338,-22.743083953857422,Yohimbine
14676,-22.74345588684082,Iopamidol
14351,-22.74431037902832,Bambuterol
14665,-22.747037887573242,Levomilnacipran
13696,-22.755714416503906,Trimethobenzamide
14267,-22.759262084960938,Retapamulin
14683,-22.766460418701172,Fluocortolone
13800,-22.76776695251465,Olopatadine
13878,-22.768009185791016,Methylphenobarbital
14328,-22.769275665283203,Mephentermine
14609,-22.771121978759766,Salicylamide
14075,-22.772417068481445,Echothiophate
14516,-22.775203704833984,Icatibant
14652,-22.775367736816406,Aclidinium
13201,-22.775611877441406,Succinic acid
13645,-22.779762268066406,Metaraminol
14369,-22.78443717956543,Amrinone
14379,-22.785017013549805,gamma-Hydroxybutyric acid
14525,-22.785049438476562,Asenapine
13834,-22.78760528564453,Colistin
14310,-22.78923988342285,Vecuronium
13793,-22.790828704833984,Meropenem
13245,-22.790870666503906,Lorazepam
14576,-22.791458129882812,Fospropofol
14331,-22.791759490966797,Quinupristin
14323,-22.795398712158203,Mestranol
14593,-22.797996520996094,Dimercaprol
13182,-22.799243927001953,Pyruvic acid
14503,-22.806503295898438,Ibudilast
13704,-22.8099365234375,Pirenzepine
14471,-22.815324783325195,Fluspirilene
13766,-22.816917419433594,Pralidoxime
14680,-22.81847381591797,Fursultiamine
14709,-22.8199462890625,Cytisine
14674,-22.825376510620117,Isoaminile
14520,-22.83580780029297,Silodosin
14510,-22.841142654418945,Sertindole
13233,-22.84231948852539,Asparagine
14494,-22.844074249267578,Ezogabine
14364,-22.844392776489258,Nitroxoline
14689,-22.846023559570312,Etofenamate
13812,-22.846513748168945,Phenelzine
13444,-22.852794647216797,Carisoprodol
14553,-22.855817794799805,Mepyramine
13477,-22.86834716796875,Cefpiramide
14174,-22.86866569519043,Dinoprost tromethamine
14555,-22.869604110717773,Dabigatran etexilate
13497,-22.873153686523438,Framycetin
14585,-22.876962661743164,Alcaftadine
14682,-22.879552841186523,Fluprednidene
14287,-22.881454467773438,Bevantolol
14646,-22.88373565673828,Gadoxetic acid
14065,-22.891033172607422,Lubiprostone
14173,-22.891735076904297,Halothane
14567,-22.89583396911621,Levonordefrin
13986,-22.900527954101562,Zaleplon
14474,-22.90969467163086,Ixabepilone
14327,-22.911012649536133,Ephedrine
13679,-22.91449737548828,Dyclonine
14604,-22.915225982666016,Azapropazone
14522,-22.91827964782715,Eltrombopag
14264,-22.922460556030273,Ergometrine
13692,-22.922866821289062,Sevelamer
14632,-22.92311668395996,Spaglumic Acid
14672,-22.923236846923828,Isoxsuprine
14318,-22.923381805419922,Aprobarbital
14499,-22.924753189086914,Silver sulfadiazine
13232,-22.926250457763672,Adenine
13208,-22.92686653137207,Pyridoxal
14569,-22.933799743652344,Methacholine
14288,-22.94403839111328,Glucosamine
13744,-22.94629669189453,Diethylcarbamazine
14578,-22.946918487548828,Stanozolol
14052,-22.94955825805664,Ethinamate
14481,-22.952716827392578,Voglibose
14603,-22.95671272277832,Viomycin
13897,-22.960968017578125,Benzonatate
13552,-22.96277618408203,Vancomycin
13364,-22.968229293823242,Ibutilide
13859,-22.97147560119629,Fosfomycin
13238,-22.97297477722168,Masoprocol
13922,-22.977262496948242,Benzylpenicilloyl polylysine
13833,-22.978546142578125,Alfentanil
13940,-22.978687286376953,Phenformin
14477,-22.981548309326172,Omacetaxine mepesuccinate
14600,-22.98370361328125,Polidocanol
14659,-22.9879093170166,Glycerol phenylbutyrate
14074,-22.991498947143555,Tocainide
14485,-22.99224090576172,Milnacipran
14290,-22.9942626953125,Sulfacytine
14003,-22.9973201751709,Physostigmine
13541,-23.002079010009766,Phenindione
14191,-23.003665924072266,Chlormezanone
13978,-23.005699157714844,Dirithromycin
13813,-23.008089065551758,Polymyxin B
14673,-23.013931274414062,Isoconazole
13711,-23.018718719482422,Isoflurophate
14107,-23.02707290649414,Pentolinium
14150,-23.02750015258789,Doxacurium
14106,-23.028518676757812,Deserpidine
14258,-23.02916717529297,Isocarboxazid
14701,-23.033157348632812,Cefaloridine
13495,-23.033889770507812,Droperidol
14367,-23.034921646118164,Alizapride
13762,-23.041587829589844,DB00729
13312,-23.04252815246582,Diethylstilbestrol
14366,-23.04391860961914,Aminophenazone
14162,-23.046092987060547,Cloxacillin
13904,-23.047367095947266,Flupentixol
14434,-23.04859161376953,Phenindamine
13189,-23.05428123474121,Spermine
13452,-23.058523178100586,Ceruletide
13203,-23.059207916259766,N-Acetylglucosamine
14467,-23.060094833374023,Cyclandelate
13803,-23.06560516357422,Clidinium
14649,-23.067153930664062,Linaclotide
14079,-23.070199966430664,Azlocillin
14557,-23.07082748413086,Artemether
13990,-23.074405670166016,Desloratadine
14388,-23.074966430664062,Ethyl loflazepate
13213,-23.076236724853516,Thiamine
14504,-23.07685089111328,Rotigotine
13914,-23.080841064453125,Pemirolast
14648,-23.091808319091797,Carfilzomib
14607,-23.092443466186523,Azidocillin
14606,-23.093345642089844,Diloxanide
13294,-23.09343719482422,Butabarbital
14613,-23.093576431274414,Dimetindene
13362,-23.09583282470703,Talbutal
14016,-23.09641456604004,Neomycin
13965,-23.103288650512695,Hexafluronium
13210,-23.10397720336914,Leucine
14281,-23.108224868774414,Carbetocin
13605,-23.11332893371582,Cinnarizine
14669,-23.118045806884766,Luliconazole
13648,-23.128623962402344,Amodiaquine
13227,-23.131681442260742,Aspartame
14571,-23.136829376220703,Naphazoline
14233,-23.139066696166992,Ketamine
14486,-23.143104553222656,Ximelagatran
13745,-23.144948959350586,Flurbiprofen
13499,-23.148616790771484,Meperidine
14244,-23.167293548583984,Metoclopramide
13756,-23.16811752319336,Methoxamine
14317,-23.173015594482422,Amobarbital
14554,-23.182640075683594,Xylometazoline
14406,-23.19036865234375,Quazepam
13205,-23.194303512573242,Phosphatidyl serine
13394,-23.19685173034668,Metixene
13223,-23.199249267578125,Vitamin E
14703,-23.202436447143555,Captodiame
14404,-23.202621459960938,Ketazolam
14541,-23.20718002319336,Tyloxapol
14322,-23.21912384033203,Lithium cation
14405,-23.225250244140625,Prazepam
14546,-23.232555389404297,Peramivir
13686,-23.23349380493164,Pentazocine
13328,-23.23786735534668,Betazole
13680,-23.245830535888672,Nystatin
14493,-23.250019073486328,Lofexidine
14480,-23.252132415771484,Voacamine
13761,-23.254261016845703,Rocuronium
14420,-23.25832748413086,Pivampicillin
14441,-23.25922203063965,Pargyline
14308,-23.261383056640625,Pancuronium
14084,-23.266639709472656,Cefditoren
14133,-23.269306182861328,Atovaquone
13779,-23.271835327148438,Deferoxamine
14332,-23.276004791259766,Aluminium
13925,-23.27626609802246,Ethanol
14436,-23.280864715576172,Pipotiazine
14502,-23.28565216064453,Ecabet
14693,-23.285850524902344,Eperisone
14421,-23.287885665893555,Pivmecillinam
13820,-23.29034996032715,Gadopentetic acid
14495,-23.296092987060547,Lucanthone
13286,-23.303861618041992,Enflurane
13293,-23.308868408203125,Milrinone
14325,-23.314807891845703,DB01361
14599,-23.31509017944336,Plerixafor
14422,-23.318586349487305,Tazobactam
14073,-23.31989288330078,Mimosine
14368,-23.320106506347656,Ajmaline
14137,-23.320526123046875,Phenacemide
14517,-23.324474334716797,Rufinamide
14685,-23.327144622802734,Floctafenine
13226,-23.32845687866211,Isoleucine
14469,-23.331573486328125,Debrisoquine
14705,-23.362186431884766,Brotizolam
13727,-23.363006591796875,Fluorescein
13857,-23.367061614990234,Natamycin
13828,-23.368362426757812,Tolazoline
13199,-23.368759155273438,Lutein
14395,-23.371856689453125,Dextroamphetamine
14314,-23.384122848510742,Saprisartan
14631,-23.398134231567383,Tauroursodeoxycholic acid
13765,-23.400035858154297,Atracurium besylate
14372,-23.402734756469727,Almitrine
14450,-23.406143188476562,Fusidic acid
13551,-23.414215087890625,Acetyldigitoxin
14419,-23.419282913208008,Meticillin
13861,-23.420631408691406,Phenmetrazine
13594,-23.42644500732422,Hydroxyzine
14160,-23.427597045898438,Sulfoxone
13380,-23.428993225097656,Nitroprusside
14418,-23.42990493774414,Bacampicillin
13190,-23.43585205078125,Aspartic acid
14256,-23.446182250976562,Decamethonium
13634,-23.452754974365234,Thiopental
14573,-23.458101272583008,Norelgestromin
13959,-23.476966857910156,Oxymetazoline
14263,-23.481117248535156,Mitiglinide
14373,-23.487842559814453,Allylestrenol
14580,-23.48883819580078,Lornoxicam
14239,-23.490985870361328,Levacetylmethadol
13225,-23.49852752685547,Losartan/thioctic acid
14690,-23.501140594482422,Etidocaine
14413,-23.50149154663086,Cilastatin
13216,-23.503013610839844,Citrulline
14141,-23.508047103881836,Anisindione
13630,-23.50987434387207,Oxytetracycline
14587,-23.51586151123047,Benzyl alcohol
14694,-23.5355224609375,Ditazole
13858,-23.542522430419922,Cinoxacin
13979,-23.542888641357422,Netilmicin
13920,-23.55126953125,Oxybuprocaine
14706,-23.552597045898438,Bromopride
13566,-23.565017700195312,Cinchocaine
14201,-23.565227508544922,Desflurane
14319,-23.57733917236328,Butobarbital
14138,-23.582263946533203,Ambenonium
14361,-23.59973907470703,Antrafenine
14700,-23.607755661010742,Clocapramine
14415,-23.609907150268555,Probucol
13248,-23.615745544433594,Ethchlorvynol
14414,-23.61766242980957,Imipenem
14440,-23.62326431274414,Isopropamide
14307,-23.625091552734375,Metocurine
13441,-23.627599716186523,Profenamine
13868,-23.628868103027344,Progabide
14429,-23.628990173339844,Erythrityl tetranitrate
14305,-23.635047912597656,Ceftizoxime
14574,-23.643836975097656,Propylhexedrine
13231,-23.648357391357422,Proline
14551,-23.64922332763672,Vilazodone
14022,-23.664527893066406,Cyclacillin
14312,-23.666126251220703,Forasartan
13856,-23.67127227783203,Levomenthol
13180,-23.673076629638672,Histidine
14154,-23.680648803710938,Cefapirin
13217,-23.68311309814453,Threonine
13522,-23.689823150634766,Amikacin
14039,-23.693065643310547,Minocycline
13651,-23.706546783447266,Candoxatril
14385,-23.716136932373047,Difenoxin
13298,-23.719980239868164,Butalbital
14320,-23.726886749267578,Heptabarbital
14293,-23.72693634033203,Oxtriphylline
14454,-23.732519149780273,Phenol
14006,-23.747201919555664,Nandrolone phenpropionate
13848,-23.749053955078125,Rosoxacin
13186,-23.76352310180664,L-Lysine
13547,-23.767127990722656,Levallorphan
13440,-23.77216911315918,Sulpiride
13354,-23.777027130126953,Dapiprazole
13817,-23.791824340820312,Marimastat
14384,-23.793075561523438,Camazepam
13505,-23.82616424560547,Verteporfin
13275,-23.826562881469727,Bethanidine
13270,-23.83197784423828,Remikiren
14309,-23.85898208618164,Pipecuronium
13195,-23.863792419433594,Serine
14124,-23.867271423339844,Methyprylon
13183,-23.869422912597656,Phenylalanine
14047,-23.879188537597656,Amlexanox
14666,-23.88463592529297,Amfecloral
13197,-23.884862899780273,Tyrosine
14482,-23.898582458496094,Enoximone
13955,-23.91618537902832,Metacycline
14386,-23.924449920654297,Delorazepam
14678,-23.949844360351562,Hexoprenaline
13196,-23.97001075744629,Methionine
14113,-23.97554588317871,Oxamniquine
14451,-24.024585723876953,Oxitriptan
13455,-24.045299530029297,Gentian violet cation
14681,-24.063007354736328,Dimetotiazine
13597,-24.068668365478516,Tigecycline
13191,-24.070049285888672,Ornithine
14391,-24.093585968017578,Cloxazolam
14389,-24.11087989807129,Fenproporex
13179,-24.131986618041992,Tetrahydrofolic acid
13792,-24.161386489868164,Tetracycline
14633,-24.18526840209961,Acetylcarnitine
13313,-24.26395034790039,Lymecycline
14292,-24.272571563720703,Rolitetracycline
13822,-24.30951690673828,Uracil mustard
14615,-24.31018829345703,Tymazoline
14608,-24.3314151763916,Pipazethate
14535,-24.346542358398438,Amisulpride
14452,-24.35521697998047,Flavin adenine dinucleotide
13521,-24.363975524902344,Rimantadine
14479,-24.40447998046875,Vildagliptin
13653,-24.51543426513672,Demeclocycline
14365,-24.540870666503906,Stepronin
14283,-24.611282348632812,Fenoterol
14428,-24.78414535522461,Amyl Nitrite
14686,-24.802370071411133,Fenspiride
13498,-25.249691009521484,Clomocycline
